batch_size,new_tokens,repeat,token_index,t_since_start_s,step_s
1,32,0,1,0.033465,0.033465
1,32,0,2,0.060416,0.026951
1,32,0,3,0.088614,0.028198
1,32,0,4,0.116266,0.027652
1,32,0,5,0.143191,0.026925
1,32,0,6,0.169948,0.026757
1,32,0,7,0.197258,0.02731
1,32,0,8,0.225468,0.02821
1,32,0,9,0.25122,0.025752
1,32,0,10,0.276199,0.024978
1,32,0,11,0.303659,0.027461
1,32,0,12,0.331238,0.027579
1,32,0,13,0.357332,0.026094
1,32,0,14,0.383326,0.025994
1,32,0,15,0.410788,0.027461
1,32,0,16,0.440309,0.029521
1,32,0,17,0.468547,0.028238
1,32,0,18,0.497679,0.029133
1,32,0,19,0.5249,0.02722
1,32,0,20,0.554192,0.029292
1,32,0,21,0.583457,0.029266
1,32,0,22,0.611861,0.028404
1,32,0,23,0.641974,0.030113
1,32,0,24,0.672748,0.030774
1,32,0,25,0.701265,0.028517
1,32,0,26,0.729213,0.027948
1,32,0,27,0.755456,0.026243
1,32,0,28,0.783683,0.028228
1,32,0,29,0.811478,0.027795
1,32,0,30,0.838994,0.027516
1,32,0,31,0.865497,0.026503
1,32,0,32,0.890505,0.025008
1,32,1,1,0.031135,0.031135
1,32,1,2,0.055371,0.024236
1,32,1,3,0.081527,0.026156
1,32,1,4,0.107831,0.026304
1,32,1,5,0.134051,0.02622
1,32,1,6,0.158759,0.024708
1,32,1,7,0.185625,0.026866
1,32,1,8,0.212151,0.026526
1,32,1,9,0.240306,0.028155
1,32,1,10,0.266562,0.026257
1,32,1,11,0.291871,0.025309
1,32,1,12,0.31855,0.026679
1,32,1,13,0.347274,0.028724
1,32,1,14,0.374449,0.027174
1,32,1,15,0.400664,0.026215
1,32,1,16,0.425734,0.02507
1,32,1,17,0.452521,0.026787
1,32,1,18,0.478743,0.026223
1,32,1,19,0.503542,0.024799
1,32,1,20,0.527659,0.024116
1,32,1,21,0.553566,0.025907
1,32,1,22,0.579128,0.025563
1,32,1,23,0.606121,0.026993
1,32,1,24,0.632957,0.026836
1,32,1,25,0.659058,0.026101
1,32,1,26,0.686025,0.026966
1,32,1,27,0.71273,0.026706
1,32,1,28,0.741579,0.028849
1,32,1,29,0.771315,0.029736
1,32,1,30,0.798183,0.026868
1,32,1,31,0.825654,0.02747
1,32,1,32,0.853172,0.027519
1,32,2,1,0.034104,0.034104
1,32,2,2,0.06242,0.028316
1,32,2,3,0.090682,0.028262
1,32,2,4,0.118974,0.028292
1,32,2,5,0.145424,0.026451
1,32,2,6,0.172326,0.026902
1,32,2,7,0.199819,0.027493
1,32,2,8,0.229268,0.029448
1,32,2,9,0.258755,0.029487
1,32,2,10,0.288626,0.029871
1,32,2,11,0.316074,0.027448
1,32,2,12,0.346173,0.030099
1,32,2,13,0.37395,0.027777
1,32,2,14,0.403374,0.029425
1,32,2,15,0.432896,0.029522
1,32,2,16,0.462056,0.02916
1,32,2,17,0.49164,0.029584
1,32,2,18,0.522341,0.0307
1,32,2,19,0.551859,0.029518
1,32,2,20,0.579242,0.027383
1,32,2,21,0.606286,0.027044
1,32,2,22,0.636053,0.029767
1,32,2,23,0.665544,0.029491
1,32,2,24,0.694253,0.028709
1,32,2,25,0.72266,0.028406
1,32,2,26,0.749406,0.026746
1,32,2,27,0.776887,0.027481
1,32,2,28,0.8052,0.028313
1,32,2,29,0.834514,0.029314
1,32,2,30,0.862661,0.028147
1,32,2,31,0.891078,0.028418
1,32,2,32,0.91866,0.027582
1,128,0,1,0.036358,0.036358
1,128,0,2,0.062432,0.026074
1,128,0,3,0.087594,0.025162
1,128,0,4,0.111947,0.024353
1,128,0,5,0.138837,0.02689
1,128,0,6,0.166403,0.027565
1,128,0,7,0.196283,0.029881
1,128,0,8,0.224498,0.028215
1,128,0,9,0.25128,0.026781
1,128,0,10,0.278789,0.02751
1,128,0,11,0.305824,0.027034
1,128,0,12,0.334234,0.028411
1,128,0,13,0.361969,0.027735
1,128,0,14,0.387686,0.025716
1,128,0,15,0.417513,0.029827
1,128,0,16,0.445933,0.02842
1,128,0,17,0.474602,0.028669
1,128,0,18,0.503118,0.028516
1,128,0,19,0.532255,0.029137
1,128,0,20,0.56107,0.028815
1,128,0,21,0.591124,0.030054
1,128,0,22,0.620849,0.029725
1,128,0,23,0.648726,0.027877
1,128,0,24,0.67949,0.030764
1,128,0,25,0.70967,0.030179
1,128,0,26,0.741245,0.031575
1,128,0,27,0.772662,0.031417
1,128,0,28,0.80266,0.029998
1,128,0,29,0.832005,0.029345
1,128,0,30,0.861214,0.02921
1,128,0,31,0.889384,0.02817
1,128,0,32,0.917837,0.028452
1,128,0,33,0.94607,0.028233
1,128,0,34,0.974824,0.028754
1,128,0,35,1.003087,0.028263
1,128,0,36,1.030348,0.027261
1,128,0,37,1.057136,0.026788
1,128,0,38,1.083542,0.026406
1,128,0,39,1.110733,0.027191
1,128,0,40,1.137108,0.026375
1,128,0,41,1.163667,0.026558
1,128,0,42,1.189802,0.026135
1,128,0,43,1.216032,0.02623
1,128,0,44,1.242881,0.026849
1,128,0,45,1.270188,0.027306
1,128,0,46,1.297218,0.027031
1,128,0,47,1.322899,0.025681
1,128,0,48,1.347836,0.024936
1,128,0,49,1.373311,0.025475
1,128,0,50,1.399229,0.025918
1,128,0,51,1.425696,0.026467
1,128,0,52,1.451,0.025304
1,128,0,53,1.476022,0.025022
1,128,0,54,1.502002,0.025981
1,128,0,55,1.528528,0.026526
1,128,0,56,1.555655,0.027126
1,128,0,57,1.582016,0.026361
1,128,0,58,1.609521,0.027506
1,128,0,59,1.638015,0.028494
1,128,0,60,1.666254,0.028238
1,128,0,61,1.693487,0.027233
1,128,0,62,1.720207,0.02672
1,128,0,63,1.75112,0.030914
1,128,0,64,1.779268,0.028148
1,128,0,65,1.806308,0.02704
1,128,0,66,1.832212,0.025905
1,128,0,67,1.858598,0.026386
1,128,0,68,1.88426,0.025662
1,128,0,69,1.910798,0.026538
1,128,0,70,1.945599,0.034802
1,128,0,71,1.974514,0.028915
1,128,0,72,2.00538,0.030866
1,128,0,73,2.033792,0.028411
1,128,0,74,2.061469,0.027677
1,128,0,75,2.090653,0.029184
1,128,0,76,2.123877,0.033224
1,128,0,77,2.156597,0.03272
1,128,0,78,2.187287,0.03069
1,128,0,79,2.217081,0.029795
1,128,0,80,2.2482,0.031118
1,128,0,81,2.278975,0.030776
1,128,0,82,2.309041,0.030066
1,128,0,83,2.338568,0.029527
1,128,0,84,2.368968,0.030401
1,128,0,85,2.401638,0.03267
1,128,0,86,2.429324,0.027686
1,128,0,87,2.456097,0.026773
1,128,0,88,2.482808,0.026711
1,128,0,89,2.510649,0.027841
1,128,0,90,2.537927,0.027278
1,128,0,91,2.564597,0.02667
1,128,0,92,2.59272,0.028123
1,128,0,93,2.622037,0.029316
1,128,0,94,2.649148,0.027112
1,128,0,95,2.677093,0.027945
1,128,0,96,2.704876,0.027783
1,128,0,97,2.734187,0.029312
1,128,0,98,2.764012,0.029825
1,128,0,99,2.791481,0.027469
1,128,0,100,2.820191,0.02871
1,128,0,101,2.849613,0.029422
1,128,0,102,2.878068,0.028455
1,128,0,103,2.905791,0.027723
1,128,0,104,2.933162,0.027371
1,128,0,105,2.960441,0.027279
1,128,0,106,2.989196,0.028755
1,128,0,107,3.075685,0.086489
1,128,0,108,3.112357,0.036673
1,128,0,109,3.143462,0.031105
1,128,0,110,3.171468,0.028006
1,128,0,111,3.198452,0.026984
1,128,0,112,3.225401,0.02695
1,128,0,113,3.252438,0.027037
1,128,0,114,3.280154,0.027717
1,128,0,115,3.308615,0.028461
1,128,0,116,3.336652,0.028036
1,128,0,117,3.36454,0.027888
1,128,0,118,3.392551,0.028011
1,128,0,119,3.41987,0.027319
1,128,0,120,3.446571,0.0267
1,128,0,121,3.473117,0.026546
1,128,0,122,3.498971,0.025854
1,128,0,123,3.525265,0.026294
1,128,0,124,3.550739,0.025473
1,128,0,125,3.577679,0.02694
1,128,0,126,3.604082,0.026403
1,128,0,127,3.630407,0.026325
1,128,0,128,3.6549,0.024493
1,128,1,1,0.032751,0.032751
1,128,1,2,0.058653,0.025902
1,128,1,3,0.085092,0.026439
1,128,1,4,0.1104,0.025307
1,128,1,5,0.134604,0.024204
1,128,1,6,0.162355,0.027752
1,128,1,7,0.200321,0.037966
1,128,1,8,0.22907,0.02875
1,128,1,9,0.258209,0.029139
1,128,1,10,0.288507,0.030297
1,128,1,11,0.342657,0.05415
1,128,1,12,0.379113,0.036456
1,128,1,13,0.40642,0.027307
1,128,1,14,0.431749,0.025329
1,128,1,15,0.458867,0.027118
1,128,1,16,0.485774,0.026907
1,128,1,17,0.513108,0.027334
1,128,1,18,0.53891,0.025803
1,128,1,19,0.565621,0.02671
1,128,1,20,0.59216,0.026539
1,128,1,21,0.618846,0.026686
1,128,1,22,0.646388,0.027542
1,128,1,23,0.671398,0.02501
1,128,1,24,0.698133,0.026735
1,128,1,25,0.724311,0.026178
1,128,1,26,0.750424,0.026113
1,128,1,27,0.775341,0.024917
1,128,1,28,0.799856,0.024515
1,128,1,29,0.825773,0.025917
1,128,1,30,0.853613,0.027839
1,128,1,31,0.882919,0.029306
1,128,1,32,0.907924,0.025005
1,128,1,33,0.932036,0.024112
1,128,1,34,0.95945,0.027415
1,128,1,35,0.986074,0.026624
1,128,1,36,1.013954,0.02788
1,128,1,37,1.03902,0.025065
1,128,1,38,1.064841,0.025822
1,128,1,39,1.092102,0.027261
1,128,1,40,1.119639,0.027536
1,128,1,41,1.146514,0.026875
1,128,1,42,1.172723,0.026208
1,128,1,43,1.199363,0.02664
1,128,1,44,1.225764,0.026402
1,128,1,45,1.25347,0.027706
1,128,1,46,1.280577,0.027107
1,128,1,47,1.307701,0.027124
1,128,1,48,1.333431,0.02573
1,128,1,49,1.360225,0.026794
1,128,1,50,1.38769,0.027465
1,128,1,51,1.414923,0.027232
1,128,1,52,1.440151,0.025228
1,128,1,53,1.464251,0.024101
1,128,1,54,1.491234,0.026983
1,128,1,55,1.518105,0.026871
1,128,1,56,1.544298,0.026193
1,128,1,57,1.569149,0.024851
1,128,1,58,1.596805,0.027656
1,128,1,59,1.625986,0.029181
1,128,1,60,1.653374,0.027388
1,128,1,61,1.678618,0.025244
1,128,1,62,1.704764,0.026146
1,128,1,63,1.731202,0.026437
1,128,1,64,1.756864,0.025663
1,128,1,65,1.782233,0.025368
1,128,1,66,1.80834,0.026107
1,128,1,67,1.834437,0.026097
1,128,1,68,1.860385,0.025948
1,128,1,69,1.886189,0.025804
1,128,1,70,1.91313,0.026941
1,128,1,71,1.940773,0.027643
1,128,1,72,1.967166,0.026393
1,128,1,73,1.993253,0.026088
1,128,1,74,2.019437,0.026184
1,128,1,75,2.045148,0.025711
1,128,1,76,2.07072,0.025572
1,128,1,77,2.099231,0.02851
1,128,1,78,2.132305,0.033074
1,128,1,79,2.160617,0.028312
1,128,1,80,2.187486,0.02687
1,128,1,81,2.214345,0.026858
1,128,1,82,2.24307,0.028725
1,128,1,83,2.269468,0.026398
1,128,1,84,2.297249,0.027781
1,128,1,85,2.324123,0.026874
1,128,1,86,2.351659,0.027536
1,128,1,87,2.381355,0.029696
1,128,1,88,2.407417,0.026062
1,128,1,89,2.433171,0.025755
1,128,1,90,2.459495,0.026323
1,128,1,91,2.485321,0.025826
1,128,1,92,2.510843,0.025522
1,128,1,93,2.535857,0.025014
1,128,1,94,2.56194,0.026082
1,128,1,95,2.588276,0.026337
1,128,1,96,2.615801,0.027524
1,128,1,97,2.640171,0.02437
1,128,1,98,2.665468,0.025297
1,128,1,99,2.692123,0.026656
1,128,1,100,2.719189,0.027066
1,128,1,101,2.745726,0.026536
1,128,1,102,2.771527,0.025802
1,128,1,103,2.796447,0.02492
1,128,1,104,2.822063,0.025615
1,128,1,105,2.847673,0.025611
1,128,1,106,2.874723,0.027049
1,128,1,107,2.902113,0.027391
1,128,1,108,2.931378,0.029264
1,128,1,109,2.957344,0.025967
1,128,1,110,2.983545,0.026201
1,128,1,111,3.009769,0.026223
1,128,1,112,3.037524,0.027756
1,128,1,113,3.065806,0.028281
1,128,1,114,3.092175,0.026369
1,128,1,115,3.120152,0.027977
1,128,1,116,3.14772,0.027568
1,128,1,117,3.175268,0.027548
1,128,1,118,3.203315,0.028047
1,128,1,119,3.230806,0.027491
1,128,1,120,3.263782,0.032976
1,128,1,121,3.32726,0.063478
1,128,1,122,3.456532,0.129272
1,128,1,123,3.486278,0.029746
1,128,1,124,3.515403,0.029125
1,128,1,125,3.55246,0.037057
1,128,1,126,3.579152,0.026692
1,128,1,127,3.606628,0.027476
1,128,1,128,3.633488,0.02686
1,128,2,1,0.033733,0.033733
1,128,2,2,0.062453,0.02872
1,128,2,3,0.09125,0.028798
1,128,2,4,0.118782,0.027532
1,128,2,5,0.146391,0.027608
1,128,2,6,0.171857,0.025467
1,128,2,7,0.197503,0.025646
1,128,2,8,0.222724,0.025221
1,128,2,9,0.248449,0.025725
1,128,2,10,0.274889,0.02644
1,128,2,11,0.303589,0.0287
1,128,2,12,0.330526,0.026937
1,128,2,13,0.356155,0.025629
1,128,2,14,0.388162,0.032007
1,128,2,15,0.415209,0.027047
1,128,2,16,0.441311,0.026103
1,128,2,17,0.469045,0.027734
1,128,2,18,0.496157,0.027112
1,128,2,19,0.522415,0.026259
1,128,2,20,0.549025,0.02661
1,128,2,21,0.575459,0.026434
1,128,2,22,0.603802,0.028343
1,128,2,23,0.631661,0.027859
1,128,2,24,0.658491,0.02683
1,128,2,25,0.688757,0.030266
1,128,2,26,0.716589,0.027832
1,128,2,27,0.744099,0.02751
1,128,2,28,0.770626,0.026527
1,128,2,29,0.797054,0.026428
1,128,2,30,0.822397,0.025343
1,128,2,31,0.848361,0.025964
1,128,2,32,0.874199,0.025838
1,128,2,33,0.901685,0.027486
1,128,2,34,0.928132,0.026447
1,128,2,35,0.95438,0.026248
1,128,2,36,0.981571,0.027191
1,128,2,37,1.008738,0.027167
1,128,2,38,1.034392,0.025654
1,128,2,39,1.060319,0.025927
1,128,2,40,1.08656,0.026241
1,128,2,41,1.11467,0.02811
1,128,2,42,1.141939,0.027268
1,128,2,43,1.169186,0.027248
1,128,2,44,1.194828,0.025642
1,128,2,45,1.222086,0.027258
1,128,2,46,1.249844,0.027758
1,128,2,47,1.276625,0.026781
1,128,2,48,1.306359,0.029733
1,128,2,49,1.337513,0.031154
1,128,2,50,1.37116,0.033647
1,128,2,51,1.402861,0.031701
1,128,2,52,1.434852,0.031991
1,128,2,53,1.465432,0.03058
1,128,2,54,1.495586,0.030155
1,128,2,55,1.52509,0.029504
1,128,2,56,1.555996,0.030905
1,128,2,57,1.58659,0.030594
1,128,2,58,1.616236,0.029646
1,128,2,59,1.650968,0.034732
1,128,2,60,1.681191,0.030223
1,128,2,61,1.708423,0.027232
1,128,2,62,1.737749,0.029326
1,128,2,63,1.766863,0.029114
1,128,2,64,1.795296,0.028433
1,128,2,65,1.8268,0.031504
1,128,2,66,1.856094,0.029294
1,128,2,67,1.883903,0.02781
1,128,2,68,1.913015,0.029111
1,128,2,69,1.940107,0.027092
1,128,2,70,1.968114,0.028007
1,128,2,71,1.99693,0.028815
1,128,2,72,2.025607,0.028677
1,128,2,73,2.053584,0.027977
1,128,2,74,2.081015,0.027431
1,128,2,75,2.106555,0.02554
1,128,2,76,2.131571,0.025016
1,128,2,77,2.157673,0.026102
1,128,2,78,2.182566,0.024893
1,128,2,79,2.207405,0.024839
1,128,2,80,2.234559,0.027154
1,128,2,81,2.261363,0.026804
1,128,2,82,2.288865,0.027502
1,128,2,83,2.316526,0.027662
1,128,2,84,2.342462,0.025936
1,128,2,85,2.368963,0.026501
1,128,2,86,2.395494,0.026531
1,128,2,87,2.422044,0.02655
1,128,2,88,2.448003,0.025959
1,128,2,89,2.473905,0.025902
1,128,2,90,2.500668,0.026763
1,128,2,91,2.527885,0.027217
1,128,2,92,2.556256,0.028371
1,128,2,93,2.58436,0.028105
1,128,2,94,2.611017,0.026656
1,128,2,95,2.637216,0.0262
1,128,2,96,2.665672,0.028456
1,128,2,97,2.693499,0.027828
1,128,2,98,2.721929,0.02843
1,128,2,99,2.751229,0.0293
1,128,2,100,2.781493,0.030264
1,128,2,101,2.808955,0.027462
1,128,2,102,2.8368,0.027845
1,128,2,103,2.868543,0.031742
1,128,2,104,2.899956,0.031413
1,128,2,105,2.928744,0.028788
1,128,2,106,2.95653,0.027786
1,128,2,107,2.984409,0.02788
1,128,2,108,3.013563,0.029154
1,128,2,109,3.040735,0.027172
1,128,2,110,3.066678,0.025944
1,128,2,111,3.093611,0.026932
1,128,2,112,3.121471,0.02786
1,128,2,113,3.149092,0.027621
1,128,2,114,3.175193,0.026101
1,128,2,115,3.201059,0.025866
1,128,2,116,3.229116,0.028057
1,128,2,117,3.258059,0.028942
1,128,2,118,3.287326,0.029267
1,128,2,119,3.317143,0.029817
1,128,2,120,3.344763,0.02762
1,128,2,121,3.371129,0.026366
1,128,2,122,3.398701,0.027573
1,128,2,123,3.426763,0.028061
1,128,2,124,3.455056,0.028293
1,128,2,125,3.483939,0.028883
1,128,2,126,3.513732,0.029793
1,128,2,127,3.54236,0.028628
1,128,2,128,3.571879,0.029519
2,32,0,1,0.040103,0.040103
2,32,0,2,0.076756,0.036653
2,32,0,3,0.112846,0.03609
2,32,0,4,0.148877,0.036031
2,32,0,5,0.184366,0.035489
2,32,0,6,0.220123,0.035757
2,32,0,7,0.256217,0.036094
2,32,0,8,0.293725,0.037508
2,32,0,9,0.330523,0.036798
2,32,0,10,0.368085,0.037562
2,32,0,11,0.408064,0.03998
2,32,0,12,0.444565,0.036501
2,32,0,13,0.480319,0.035754
2,32,0,14,0.516847,0.036528
2,32,0,15,0.553451,0.036604
2,32,0,16,0.589459,0.036008
2,32,0,17,0.624377,0.034918
2,32,0,18,0.660137,0.03576
2,32,0,19,0.696524,0.036387
2,32,0,20,0.732846,0.036322
2,32,0,21,0.769049,0.036203
2,32,0,22,0.805973,0.036924
2,32,0,23,0.848117,0.042144
2,32,0,24,0.885094,0.036978
2,32,0,25,0.921726,0.036631
2,32,0,26,1.014931,0.093206
2,32,0,27,1.058112,0.043181
2,32,0,28,1.094296,0.036183
2,32,0,29,1.128983,0.034687
2,32,0,30,1.163505,0.034523
2,32,0,31,1.20128,0.037774
2,32,0,32,1.240091,0.038811
2,32,1,1,0.039879,0.039879
2,32,1,2,0.078507,0.038628
2,32,1,3,0.115923,0.037416
2,32,1,4,0.152499,0.036576
2,32,1,5,0.189588,0.037088
2,32,1,6,0.225415,0.035828
2,32,1,7,0.260672,0.035257
2,32,1,8,0.298429,0.037756
2,32,1,9,0.33637,0.037941
2,32,1,10,0.373683,0.037313
2,32,1,11,0.41146,0.037778
2,32,1,12,0.448119,0.036659
2,32,1,13,0.484029,0.03591
2,32,1,14,0.519666,0.035637
2,32,1,15,0.55628,0.036613
2,32,1,16,0.596625,0.040346
2,32,1,17,0.635649,0.039023
2,32,1,18,0.674627,0.038978
2,32,1,19,0.711621,0.036995
2,32,1,20,0.747643,0.036022
2,32,1,21,0.783985,0.036343
2,32,1,22,0.820854,0.036868
2,32,1,23,0.858806,0.037952
2,32,1,24,0.8954,0.036594
2,32,1,25,0.932156,0.036756
2,32,1,26,0.969562,0.037407
2,32,1,27,1.005416,0.035853
2,32,1,28,1.042727,0.037311
2,32,1,29,1.083347,0.040621
2,32,1,30,1.120275,0.036928
2,32,1,31,1.15743,0.037154
2,32,1,32,1.19756,0.04013
2,32,2,1,0.039128,0.039128
2,32,2,2,0.073833,0.034705
2,32,2,3,0.108441,0.034608
2,32,2,4,0.142588,0.034146
2,32,2,5,0.177978,0.035391
2,32,2,6,0.213871,0.035893
2,32,2,7,0.249909,0.036038
2,32,2,8,0.285856,0.035947
2,32,2,9,0.32356,0.037704
2,32,2,10,0.359556,0.035996
2,32,2,11,0.395457,0.035902
2,32,2,12,0.43329,0.037833
2,32,2,13,0.468679,0.035389
2,32,2,14,0.508321,0.039642
2,32,2,15,0.546051,0.037731
2,32,2,16,0.582373,0.036321
2,32,2,17,0.618596,0.036223
2,32,2,18,0.658001,0.039405
2,32,2,19,0.696725,0.038724
2,32,2,20,0.743638,0.046914
2,32,2,21,0.782075,0.038436
2,32,2,22,0.818375,0.0363
2,32,2,23,0.856939,0.038564
2,32,2,24,0.89443,0.03749
2,32,2,25,0.935429,0.040999
2,32,2,26,0.975715,0.040286
2,32,2,27,1.015041,0.039327
2,32,2,28,1.051797,0.036755
2,32,2,29,1.088217,0.03642
2,32,2,30,1.124786,0.036569
2,32,2,31,1.162537,0.037751
2,32,2,32,1.199926,0.037389
2,128,0,1,0.041226,0.041226
2,128,0,2,0.080066,0.03884
2,128,0,3,0.117703,0.037638
2,128,0,4,0.153867,0.036163
2,128,0,5,0.189225,0.035358
2,128,0,6,0.223099,0.033874
2,128,0,7,0.257904,0.034805
2,128,0,8,0.292458,0.034554
2,128,0,9,0.32681,0.034352
2,128,0,10,0.364482,0.037672
2,128,0,11,0.401107,0.036625
2,128,0,12,0.436875,0.035768
2,128,0,13,0.472036,0.035161
2,128,0,14,0.507752,0.035716
2,128,0,15,0.544069,0.036317
2,128,0,16,0.579824,0.035755
2,128,0,17,0.615873,0.03605
2,128,0,18,0.651684,0.03581
2,128,0,19,0.689726,0.038043
2,128,0,20,0.726791,0.037064
2,128,0,21,0.763276,0.036485
2,128,0,22,0.801325,0.038049
2,128,0,23,0.840149,0.038823
2,128,0,24,0.875804,0.035656
2,128,0,25,0.911571,0.035766
2,128,0,26,0.947444,0.035874
2,128,0,27,0.982329,0.034885
2,128,0,28,1.017273,0.034944
2,128,0,29,1.052448,0.035174
2,128,0,30,1.089039,0.036591
2,128,0,31,1.127464,0.038425
2,128,0,32,1.162913,0.035449
2,128,0,33,1.198442,0.035529
2,128,0,34,1.233811,0.035368
2,128,0,35,1.269226,0.035416
2,128,0,36,1.304247,0.035021
2,128,0,37,1.341337,0.03709
2,128,0,38,1.376787,0.03545
2,128,0,39,1.410972,0.034185
2,128,0,40,1.446008,0.035037
2,128,0,41,1.48447,0.038462
2,128,0,42,1.523119,0.038649
2,128,0,43,1.56169,0.038572
2,128,0,44,1.601467,0.039777
2,128,0,45,1.638136,0.036668
2,128,0,46,1.676102,0.037966
2,128,0,47,1.71089,0.034788
2,128,0,48,1.746726,0.035836
2,128,0,49,1.782694,0.035968
2,128,0,50,1.820624,0.037929
2,128,0,51,1.856427,0.035804
2,128,0,52,1.891446,0.035018
2,128,0,53,1.927503,0.036057
2,128,0,54,1.964927,0.037423
2,128,0,55,2.002607,0.037681
2,128,0,56,2.038641,0.036034
2,128,0,57,2.076535,0.037894
2,128,0,58,2.113629,0.037094
2,128,0,59,2.150306,0.036677
2,128,0,60,2.186875,0.036569
2,128,0,61,2.22552,0.038645
2,128,0,62,2.264884,0.039364
2,128,0,63,2.301171,0.036287
2,128,0,64,2.337469,0.036298
2,128,0,65,2.372976,0.035507
2,128,0,66,2.418196,0.04522
2,128,0,67,2.462136,0.043941
2,128,0,68,2.499147,0.037011
2,128,0,69,2.537596,0.038448
2,128,0,70,2.574575,0.036979
2,128,0,71,2.610973,0.036398
2,128,0,72,2.647773,0.0368
2,128,0,73,2.686226,0.038453
2,128,0,74,2.723752,0.037527
2,128,0,75,2.760126,0.036374
2,128,0,76,2.796523,0.036396
2,128,0,77,2.833714,0.037192
2,128,0,78,2.870164,0.03645
2,128,0,79,2.906275,0.036111
2,128,0,80,2.942315,0.03604
2,128,0,81,2.978758,0.036443
2,128,0,82,3.015187,0.036429
2,128,0,83,3.051881,0.036693
2,128,0,84,3.088104,0.036223
2,128,0,85,3.125011,0.036907
2,128,0,86,3.160035,0.035024
2,128,0,87,3.195508,0.035473
2,128,0,88,3.230921,0.035413
2,128,0,89,3.268305,0.037383
2,128,0,90,3.306239,0.037934
2,128,0,91,3.34266,0.036421
2,128,0,92,3.37892,0.03626
2,128,0,93,3.414713,0.035793
2,128,0,94,3.449901,0.035188
2,128,0,95,3.485009,0.035109
2,128,0,96,3.519912,0.034903
2,128,0,97,3.556294,0.036382
2,128,0,98,3.591647,0.035353
2,128,0,99,3.625396,0.033749
2,128,0,100,3.66082,0.035423
2,128,0,101,3.695106,0.034286
2,128,0,102,3.730819,0.035713
2,128,0,103,3.76646,0.035641
2,128,0,104,3.802757,0.036297
2,128,0,105,3.838606,0.035849
2,128,0,106,3.874513,0.035907
2,128,0,107,3.911702,0.037189
2,128,0,108,3.948091,0.036389
2,128,0,109,3.983598,0.035507
2,128,0,110,4.018914,0.035316
2,128,0,111,4.055483,0.036569
2,128,0,112,4.091535,0.036052
2,128,0,113,4.125906,0.034371
2,128,0,114,4.161885,0.035979
2,128,0,115,4.199081,0.037196
2,128,0,116,4.241493,0.042412
2,128,0,117,4.280436,0.038944
2,128,0,118,4.319373,0.038937
2,128,0,119,4.360364,0.040991
2,128,0,120,4.399051,0.038687
2,128,0,121,4.438222,0.03917
2,128,0,122,4.476914,0.038692
2,128,0,123,4.5139,0.036987
2,128,0,124,4.550995,0.037095
2,128,0,125,4.587792,0.036797
2,128,0,126,4.624375,0.036583
2,128,0,127,4.659346,0.034971
2,128,0,128,4.694169,0.034823
2,128,1,1,0.038427,0.038427
2,128,1,2,0.07412,0.035693
2,128,1,3,0.110177,0.036057
2,128,1,4,0.14651,0.036333
2,128,1,5,0.184124,0.037615
2,128,1,6,0.222442,0.038318
2,128,1,7,0.258669,0.036227
2,128,1,8,0.294369,0.0357
2,128,1,9,0.329912,0.035542
2,128,1,10,0.367035,0.037124
2,128,1,11,0.402664,0.035629
2,128,1,12,0.440074,0.03741
2,128,1,13,0.477836,0.037763
2,128,1,14,0.514152,0.036316
2,128,1,15,0.549707,0.035555
2,128,1,16,0.587662,0.037956
2,128,1,17,0.62273,0.035068
2,128,1,18,0.660919,0.038189
2,128,1,19,0.696845,0.035925
2,128,1,20,0.733459,0.036614
2,128,1,21,0.774067,0.040608
2,128,1,22,0.817103,0.043036
2,128,1,23,0.852131,0.035028
2,128,1,24,0.887256,0.035124
2,128,1,25,0.923028,0.035773
2,128,1,26,0.961528,0.0385
2,128,1,27,1.021447,0.059919
2,128,1,28,1.070985,0.049538
2,128,1,29,1.107072,0.036087
2,128,1,30,1.142691,0.03562
2,128,1,31,1.179381,0.03669
2,128,1,32,1.216227,0.036846
2,128,1,33,1.253355,0.037128
2,128,1,34,1.290816,0.03746
2,128,1,35,1.327072,0.036257
2,128,1,36,1.363538,0.036466
2,128,1,37,1.399036,0.035498
2,128,1,38,1.434491,0.035455
2,128,1,39,1.473976,0.039485
2,128,1,40,1.510598,0.036621
2,128,1,41,1.546585,0.035987
2,128,1,42,1.58162,0.035035
2,128,1,43,1.616992,0.035372
2,128,1,44,1.651483,0.034491
2,128,1,45,1.68588,0.034397
2,128,1,46,1.720335,0.034455
2,128,1,47,1.755573,0.035238
2,128,1,48,1.79161,0.036038
2,128,1,49,1.828465,0.036855
2,128,1,50,1.864931,0.036466
2,128,1,51,1.902064,0.037133
2,128,1,52,1.938137,0.036073
2,128,1,53,1.973788,0.035651
2,128,1,54,2.008125,0.034336
2,128,1,55,2.042697,0.034572
2,128,1,56,2.078746,0.036049
2,128,1,57,2.113138,0.034392
2,128,1,58,2.147085,0.033947
2,128,1,59,2.181204,0.034119
2,128,1,60,2.215699,0.034496
2,128,1,61,2.250872,0.035173
2,128,1,62,2.285619,0.034746
2,128,1,63,2.320773,0.035154
2,128,1,64,2.355537,0.034764
2,128,1,65,2.392013,0.036477
2,128,1,66,2.42899,0.036976
2,128,1,67,2.465327,0.036338
2,128,1,68,2.501131,0.035803
2,128,1,69,2.53727,0.036139
2,128,1,70,2.572429,0.03516
2,128,1,71,2.607051,0.034622
2,128,1,72,2.641094,0.034044
2,128,1,73,2.677389,0.036295
2,128,1,74,2.712978,0.035588
2,128,1,75,2.748815,0.035838
2,128,1,76,2.784145,0.035329
2,128,1,77,2.819261,0.035117
2,128,1,78,2.855077,0.035815
2,128,1,79,2.889456,0.034379
2,128,1,80,2.922964,0.033508
2,128,1,81,2.956273,0.033309
2,128,1,82,2.989875,0.033602
2,128,1,83,3.025531,0.035656
2,128,1,84,3.061391,0.03586
2,128,1,85,3.09984,0.038449
2,128,1,86,3.139304,0.039464
2,128,1,87,3.176265,0.036961
2,128,1,88,3.214327,0.038062
2,128,1,89,3.252885,0.038558
2,128,1,90,3.289976,0.037091
2,128,1,91,3.32676,0.036783
2,128,1,92,3.365018,0.038258
2,128,1,93,3.402646,0.037628
2,128,1,94,3.440943,0.038297
2,128,1,95,3.476933,0.03599
2,128,1,96,3.512666,0.035732
2,128,1,97,3.548771,0.036105
2,128,1,98,3.584116,0.035345
2,128,1,99,3.619895,0.035779
2,128,1,100,3.655228,0.035333
2,128,1,101,3.688714,0.033486
2,128,1,102,3.722943,0.034229
2,128,1,103,3.756761,0.033818
2,128,1,104,3.79321,0.036448
2,128,1,105,3.828803,0.035594
2,128,1,106,3.864642,0.035838
2,128,1,107,3.900424,0.035782
2,128,1,108,3.935905,0.035481
2,128,1,109,3.971455,0.03555
2,128,1,110,4.007013,0.035558
2,128,1,111,4.041934,0.034921
2,128,1,112,4.078035,0.0361
2,128,1,113,4.113633,0.035598
2,128,1,114,4.148809,0.035176
2,128,1,115,4.184434,0.035625
2,128,1,116,4.2195,0.035066
2,128,1,117,4.256003,0.036502
2,128,1,118,4.29476,0.038757
2,128,1,119,4.33245,0.037691
2,128,1,120,4.377137,0.044686
2,128,1,121,4.420744,0.043607
2,128,1,122,4.464026,0.043283
2,128,1,123,4.49992,0.035894
2,128,1,124,4.546461,0.046541
2,128,1,125,4.584665,0.038203
2,128,1,126,4.621097,0.036432
2,128,1,127,4.656584,0.035487
2,128,1,128,4.692396,0.035812
2,128,2,1,0.040918,0.040918
2,128,2,2,0.077508,0.03659
2,128,2,3,0.112956,0.035449
2,128,2,4,0.149836,0.036879
2,128,2,5,0.187012,0.037177
2,128,2,6,0.224304,0.037291
2,128,2,7,0.259936,0.035632
2,128,2,8,0.295017,0.035082
2,128,2,9,0.329655,0.034638
2,128,2,10,0.364569,0.034914
2,128,2,11,0.401162,0.036592
2,128,2,12,0.435872,0.03471
2,128,2,13,0.472239,0.036367
2,128,2,14,0.51039,0.038152
2,128,2,15,0.546484,0.036093
2,128,2,16,0.582404,0.03592
2,128,2,17,0.61915,0.036746
2,128,2,18,0.656162,0.037011
2,128,2,19,0.692289,0.036127
2,128,2,20,0.729315,0.037026
2,128,2,21,0.764095,0.034779
2,128,2,22,0.799727,0.035633
2,128,2,23,0.835902,0.036175
2,128,2,24,0.872898,0.036995
2,128,2,25,0.908213,0.035316
2,128,2,26,0.943289,0.035075
2,128,2,27,0.979084,0.035796
2,128,2,28,1.013542,0.034458
2,128,2,29,1.048167,0.034625
2,128,2,30,1.082285,0.034117
2,128,2,31,1.118037,0.035752
2,128,2,32,1.153074,0.035037
2,128,2,33,1.188892,0.035818
2,128,2,34,1.224463,0.035571
2,128,2,35,1.259364,0.034901
2,128,2,36,1.294081,0.034718
2,128,2,37,1.328894,0.034813
2,128,2,38,1.363795,0.034901
2,128,2,39,1.39815,0.034355
2,128,2,40,1.432939,0.03479
2,128,2,41,1.467238,0.034298
2,128,2,42,1.501796,0.034558
2,128,2,43,1.536138,0.034341
2,128,2,44,1.572379,0.036241
2,128,2,45,1.609645,0.037266
2,128,2,46,1.64615,0.036505
2,128,2,47,1.683539,0.037389
2,128,2,48,1.720567,0.037028
2,128,2,49,1.755595,0.035028
2,128,2,50,1.790203,0.034608
2,128,2,51,1.827799,0.037596
2,128,2,52,1.862949,0.03515
2,128,2,53,1.900603,0.037653
2,128,2,54,1.936137,0.035534
2,128,2,55,1.971001,0.034864
2,128,2,56,2.005295,0.034294
2,128,2,57,2.039503,0.034207
2,128,2,58,2.073848,0.034346
2,128,2,59,2.108362,0.034514
2,128,2,60,2.142881,0.034519
2,128,2,61,2.177797,0.034916
2,128,2,62,2.213978,0.03618
2,128,2,63,2.249411,0.035433
2,128,2,64,2.285241,0.03583
2,128,2,65,2.320008,0.034767
2,128,2,66,2.355645,0.035637
2,128,2,67,2.389902,0.034257
2,128,2,68,2.424912,0.03501
2,128,2,69,2.459265,0.034352
2,128,2,70,2.495036,0.035771
2,128,2,71,2.531971,0.036935
2,128,2,72,2.567644,0.035673
2,128,2,73,2.603171,0.035527
2,128,2,74,2.638087,0.034917
2,128,2,75,2.67252,0.034432
2,128,2,76,2.707016,0.034497
2,128,2,77,2.742754,0.035737
2,128,2,78,2.77847,0.035716
2,128,2,79,2.814538,0.036068
2,128,2,80,2.850706,0.036169
2,128,2,81,2.885016,0.034309
2,128,2,82,2.919619,0.034603
2,128,2,83,2.95554,0.035921
2,128,2,84,2.9919,0.036361
2,128,2,85,3.02765,0.03575
2,128,2,86,3.06254,0.03489
2,128,2,87,3.09641,0.03387
2,128,2,88,3.130744,0.034334
2,128,2,89,3.165301,0.034557
2,128,2,90,3.199166,0.033864
2,128,2,91,3.233675,0.034509
2,128,2,92,3.269469,0.035795
2,128,2,93,3.305084,0.035614
2,128,2,94,3.342886,0.037802
2,128,2,95,3.379382,0.036496
2,128,2,96,3.415259,0.035877
2,128,2,97,3.45064,0.035381
2,128,2,98,3.486203,0.035563
2,128,2,99,3.522415,0.036211
2,128,2,100,3.558232,0.035817
2,128,2,101,3.593369,0.035137
2,128,2,102,3.628688,0.035319
2,128,2,103,3.663989,0.035301
2,128,2,104,3.698675,0.034686
2,128,2,105,3.734468,0.035793
2,128,2,106,3.772486,0.038018
2,128,2,107,3.810692,0.038206
2,128,2,108,3.8506,0.039908
2,128,2,109,3.888983,0.038384
2,128,2,110,3.92681,0.037826
2,128,2,111,3.962181,0.035372
2,128,2,112,3.999804,0.037623
2,128,2,113,4.037833,0.038029
2,128,2,114,4.075347,0.037513
2,128,2,115,4.113791,0.038445
2,128,2,116,4.153108,0.039317
2,128,2,117,4.190009,0.036901
2,128,2,118,4.227019,0.037009
2,128,2,119,4.262833,0.035814
2,128,2,120,4.30065,0.037817
2,128,2,121,4.336679,0.036029
2,128,2,122,4.373991,0.037312
2,128,2,123,4.411978,0.037987
2,128,2,124,4.448536,0.036558
2,128,2,125,4.48438,0.035844
2,128,2,126,4.520384,0.036004
2,128,2,127,4.556866,0.036482
2,128,2,128,4.592578,0.035713
4,32,0,1,0.044131,0.044131
4,32,0,2,0.098054,0.053923
4,32,0,3,0.154144,0.05609
4,32,0,4,0.209129,0.054985
4,32,0,5,0.265944,0.056815
4,32,0,6,0.322563,0.056619
4,32,0,7,0.377851,0.055288
4,32,0,8,0.433015,0.055164
4,32,0,9,0.487797,0.054782
4,32,0,10,0.543049,0.055252
4,32,0,11,0.598582,0.055533
4,32,0,12,0.657131,0.058548
4,32,0,13,0.712508,0.055377
4,32,0,14,0.767006,0.054498
4,32,0,15,0.823161,0.056155
4,32,0,16,0.880643,0.057482
4,32,0,17,0.937273,0.056631
4,32,0,18,0.992717,0.055444
4,32,0,19,1.047979,0.055262
4,32,0,20,1.101446,0.053467
4,32,0,21,1.157554,0.056108
4,32,0,22,1.21876,0.061206
4,32,0,23,1.276078,0.057318
4,32,0,24,1.334458,0.058381
4,32,0,25,1.390745,0.056286
4,32,0,26,1.448246,0.057502
4,32,0,27,1.506073,0.057827
4,32,0,28,1.562215,0.056142
4,32,0,29,1.618576,0.056361
4,32,0,30,1.67629,0.057713
4,32,0,31,1.733166,0.056876
4,32,0,32,1.789987,0.056822
4,32,1,1,0.045213,0.045213
4,32,1,2,0.103168,0.057955
4,32,1,3,0.158638,0.05547
4,32,1,4,0.214914,0.056277
4,32,1,5,0.276892,0.061977
4,32,1,6,0.332592,0.0557
4,32,1,7,0.388119,0.055528
4,32,1,8,0.445699,0.05758
4,32,1,9,0.505709,0.06001
4,32,1,10,0.562566,0.056858
4,32,1,11,0.621237,0.05867
4,32,1,12,0.679388,0.058152
4,32,1,13,0.734923,0.055535
4,32,1,14,0.790918,0.055995
4,32,1,15,0.847543,0.056625
4,32,1,16,0.903105,0.055562
4,32,1,17,0.959811,0.056705
4,32,1,18,1.015493,0.055683
4,32,1,19,1.073402,0.057909
4,32,1,20,1.131741,0.058338
4,32,1,21,1.189524,0.057783
4,32,1,22,1.247276,0.057752
4,32,1,23,1.304242,0.056966
4,32,1,24,1.360211,0.055968
4,32,1,25,1.419299,0.059088
4,32,1,26,1.473496,0.054197
4,32,1,27,1.530617,0.057121
4,32,1,28,1.587483,0.056866
4,32,1,29,1.644067,0.056584
4,32,1,30,1.701613,0.057545
4,32,1,31,1.75953,0.057917
4,32,1,32,1.816642,0.057112
4,32,2,1,0.042009,0.042009
4,32,2,2,0.097877,0.055868
4,32,2,3,0.15258,0.054703
4,32,2,4,0.209892,0.057312
4,32,2,5,0.268839,0.058947
4,32,2,6,0.325066,0.056227
4,32,2,7,0.381534,0.056469
4,32,2,8,0.43848,0.056946
4,32,2,9,0.492877,0.054397
4,32,2,10,0.54793,0.055053
4,32,2,11,0.604735,0.056805
4,32,2,12,0.658355,0.053619
4,32,2,13,0.714942,0.056587
4,32,2,14,0.769932,0.05499
4,32,2,15,0.823621,0.053689
4,32,2,16,0.878436,0.054816
4,32,2,17,0.932312,0.053876
4,32,2,18,0.989247,0.056935
4,32,2,19,1.044427,0.05518
4,32,2,20,1.098779,0.054352
4,32,2,21,1.152278,0.053499
4,32,2,22,1.206487,0.054209
4,32,2,23,1.260868,0.054381
4,32,2,24,1.315411,0.054542
4,32,2,25,1.372109,0.056698
4,32,2,26,1.427659,0.05555
4,32,2,27,1.481828,0.054169
4,32,2,28,1.536033,0.054205
4,32,2,29,1.589834,0.053801
4,32,2,30,1.643925,0.054091
4,32,2,31,1.698272,0.054347
4,32,2,32,1.752914,0.054643
4,128,0,1,0.043199,0.043199
4,128,0,2,0.102181,0.058982
4,128,0,3,0.160122,0.057941
4,128,0,4,0.217829,0.057707
4,128,0,5,0.275539,0.05771
4,128,0,6,0.331668,0.056129
4,128,0,7,0.386932,0.055265
4,128,0,8,0.442488,0.055556
4,128,0,9,0.498379,0.055891
4,128,0,10,0.553181,0.054802
4,128,0,11,0.608927,0.055746
4,128,0,12,0.663187,0.05426
4,128,0,13,0.718453,0.055266
4,128,0,14,0.774036,0.055583
4,128,0,15,0.828809,0.054773
4,128,0,16,0.884463,0.055654
4,128,0,17,0.939213,0.05475
4,128,0,18,0.994262,0.055049
4,128,0,19,1.050415,0.056153
4,128,0,20,1.105714,0.055299
4,128,0,21,1.160592,0.054879
4,128,0,22,1.215204,0.054612
4,128,0,23,1.269329,0.054125
4,128,0,24,1.322765,0.053436
4,128,0,25,1.377723,0.054957
4,128,0,26,1.432325,0.054603
4,128,0,27,1.486518,0.054193
4,128,0,28,1.541455,0.054937
4,128,0,29,1.595766,0.054311
4,128,0,30,1.650352,0.054586
4,128,0,31,1.705482,0.055131
4,128,0,32,1.760507,0.055024
4,128,0,33,1.816012,0.055506
4,128,0,34,1.870629,0.054617
4,128,0,35,1.925522,0.054892
4,128,0,36,1.985207,0.059686
4,128,0,37,2.054434,0.069227
4,128,0,38,2.129091,0.074657
4,128,0,39,2.184768,0.055677
4,128,0,40,2.241869,0.057101
4,128,0,41,2.297908,0.056039
4,128,0,42,2.355437,0.057528
4,128,0,43,2.413299,0.057863
4,128,0,44,2.468447,0.055147
4,128,0,45,2.523647,0.055201
4,128,0,46,2.577812,0.054165
4,128,0,47,2.632319,0.054506
4,128,0,48,2.686012,0.053693
4,128,0,49,2.739607,0.053596
4,128,0,50,2.793265,0.053658
4,128,0,51,2.847426,0.054161
4,128,0,52,2.901817,0.054391
4,128,0,53,2.956267,0.05445
4,128,0,54,3.010698,0.054431
4,128,0,55,3.065562,0.054864
4,128,0,56,3.120449,0.054886
4,128,0,57,3.17581,0.055361
4,128,0,58,3.230676,0.054866
4,128,0,59,3.2896,0.058924
4,128,0,60,3.346903,0.057303
4,128,0,61,3.403351,0.056448
4,128,0,62,3.459791,0.05644
4,128,0,63,3.515714,0.055923
4,128,0,64,3.571437,0.055722
4,128,0,65,3.627849,0.056412
4,128,0,66,3.683972,0.056123
4,128,0,67,3.738911,0.054939
4,128,0,68,3.795246,0.056335
4,128,0,69,3.850992,0.055746
4,128,0,70,3.906031,0.055039
4,128,0,71,3.963011,0.05698
4,128,0,72,4.017951,0.05494
4,128,0,73,4.073466,0.055515
4,128,0,74,4.129604,0.056137
4,128,0,75,4.184988,0.055384
4,128,0,76,4.241651,0.056663
4,128,0,77,4.299245,0.057594
4,128,0,78,4.358931,0.059686
4,128,0,79,4.415192,0.056261
4,128,0,80,4.470865,0.055673
4,128,0,81,4.527163,0.056298
4,128,0,82,4.582688,0.055525
4,128,0,83,4.638668,0.055981
4,128,0,84,4.694739,0.05607
4,128,0,85,4.750387,0.055648
4,128,0,86,4.8066,0.056213
4,128,0,87,4.865318,0.058719
4,128,0,88,4.921449,0.05613
4,128,0,89,4.9805,0.059051
4,128,0,90,5.037577,0.057077
4,128,0,91,5.094425,0.056848
4,128,0,92,5.151269,0.056844
4,128,0,93,5.206704,0.055435
4,128,0,94,5.264623,0.05792
4,128,0,95,5.320442,0.055818
4,128,0,96,5.377252,0.05681
4,128,0,97,5.434803,0.057551
4,128,0,98,5.491398,0.056596
4,128,0,99,5.547015,0.055617
4,128,0,100,5.603094,0.056079
4,128,0,101,5.659737,0.056643
4,128,0,102,5.720294,0.060557
4,128,0,103,5.784469,0.064175
4,128,0,104,5.843959,0.05949
4,128,0,105,5.906176,0.062217
4,128,0,106,5.966574,0.060399
4,128,0,107,6.029132,0.062558
4,128,0,108,6.088943,0.059811
4,128,0,109,6.147681,0.058738
4,128,0,110,6.203715,0.056035
4,128,0,111,6.259919,0.056204
4,128,0,112,6.316118,0.056199
4,128,0,113,6.372154,0.056036
4,128,0,114,6.428987,0.056833
4,128,0,115,6.486895,0.057909
4,128,0,116,6.551713,0.064817
4,128,0,117,6.610757,0.059045
4,128,0,118,6.668468,0.05771
4,128,0,119,6.724445,0.055978
4,128,0,120,6.782429,0.057983
4,128,0,121,6.837833,0.055404
4,128,0,122,6.895289,0.057455
4,128,0,123,6.952948,0.05766
4,128,0,124,7.010516,0.057568
4,128,0,125,7.068811,0.058295
4,128,0,126,7.126301,0.05749
4,128,0,127,7.183426,0.057125
4,128,0,128,7.238903,0.055477
4,128,1,1,0.042291,0.042291
4,128,1,2,0.100668,0.058376
4,128,1,3,0.157905,0.057237
4,128,1,4,0.212933,0.055028
4,128,1,5,0.267045,0.054112
4,128,1,6,0.322204,0.055159
4,128,1,7,0.376615,0.054411
4,128,1,8,0.433065,0.05645
4,128,1,9,0.493933,0.060868
4,128,1,10,0.555175,0.061242
4,128,1,11,0.614265,0.05909
4,128,1,12,0.671325,0.05706
4,128,1,13,0.728677,0.057352
4,128,1,14,0.786486,0.057809
4,128,1,15,0.843999,0.057513
4,128,1,16,0.902569,0.05857
4,128,1,17,0.958904,0.056335
4,128,1,18,1.014519,0.055615
4,128,1,19,1.07362,0.059101
4,128,1,20,1.135151,0.061531
4,128,1,21,1.194359,0.059208
4,128,1,22,1.25463,0.060271
4,128,1,23,1.314505,0.059876
4,128,1,24,1.375444,0.060939
4,128,1,25,1.435293,0.059848
4,128,1,26,1.493912,0.058619
4,128,1,27,1.553646,0.059734
4,128,1,28,1.610004,0.056358
4,128,1,29,1.669091,0.059087
4,128,1,30,1.727278,0.058187
4,128,1,31,1.783174,0.055896
4,128,1,32,1.839675,0.056501
4,128,1,33,1.897711,0.058037
4,128,1,34,1.956094,0.058382
4,128,1,35,2.013635,0.057542
4,128,1,36,2.072688,0.059053
4,128,1,37,2.132308,0.05962
4,128,1,38,2.192392,0.060084
4,128,1,39,2.251737,0.059345
4,128,1,40,2.309726,0.057989
4,128,1,41,2.370457,0.060731
4,128,1,42,2.428649,0.058192
4,128,1,43,2.48565,0.057001
4,128,1,44,2.543495,0.057845
4,128,1,45,2.605334,0.061839
4,128,1,46,2.676711,0.071377
4,128,1,47,2.74629,0.069579
4,128,1,48,2.817072,0.070782
4,128,1,49,2.89051,0.073438
4,128,1,50,2.948188,0.057678
4,128,1,51,3.005532,0.057344
4,128,1,52,3.065081,0.059548
4,128,1,53,3.12465,0.059569
4,128,1,54,3.182916,0.058266
4,128,1,55,3.240558,0.057642
4,128,1,56,3.302035,0.061477
4,128,1,57,3.363263,0.061228
4,128,1,58,3.423514,0.060251
4,128,1,59,3.486164,0.06265
4,128,1,60,3.548251,0.062087
4,128,1,61,3.607359,0.059108
4,128,1,62,3.667869,0.06051
4,128,1,63,3.72965,0.061781
4,128,1,64,3.789119,0.059469
4,128,1,65,3.848109,0.05899
4,128,1,66,3.904148,0.056039
4,128,1,67,3.958925,0.054778
4,128,1,68,4.014373,0.055448
4,128,1,69,4.068869,0.054496
4,128,1,70,4.124835,0.055967
4,128,1,71,4.184286,0.059451
4,128,1,72,4.241026,0.05674
4,128,1,73,4.297625,0.056598
4,128,1,74,4.354565,0.056941
4,128,1,75,4.412261,0.057696
4,128,1,76,4.470196,0.057935
4,128,1,77,4.53006,0.059864
4,128,1,78,4.586115,0.056055
4,128,1,79,4.642523,0.056408
4,128,1,80,4.700949,0.058426
4,128,1,81,4.756814,0.055865
4,128,1,82,4.810802,0.053988
4,128,1,83,4.867285,0.056482
4,128,1,84,4.925265,0.05798
4,128,1,85,4.981959,0.056694
4,128,1,86,5.040209,0.058249
4,128,1,87,5.09777,0.057561
4,128,1,88,5.152876,0.055106
4,128,1,89,5.208681,0.055805
4,128,1,90,5.266611,0.057931
4,128,1,91,5.321748,0.055136
4,128,1,92,5.378381,0.056633
4,128,1,93,5.434779,0.056398
4,128,1,94,5.491145,0.056366
4,128,1,95,5.546923,0.055777
4,128,1,96,5.602541,0.055618
4,128,1,97,5.657202,0.05466
4,128,1,98,5.711088,0.053886
4,128,1,99,5.772789,0.061701
4,128,1,100,5.830105,0.057316
4,128,1,101,5.886499,0.056394
4,128,1,102,5.941896,0.055396
4,128,1,103,5.996994,0.055098
4,128,1,104,6.053583,0.056589
4,128,1,105,6.11604,0.062457
4,128,1,106,6.179539,0.063499
4,128,1,107,6.237564,0.058025
4,128,1,108,6.299191,0.061627
4,128,1,109,6.361512,0.062321
4,128,1,110,6.422897,0.061385
4,128,1,111,6.482739,0.059842
4,128,1,112,6.542409,0.05967
4,128,1,113,6.600592,0.058183
4,128,1,114,6.659204,0.058613
4,128,1,115,6.714824,0.05562
4,128,1,116,6.772586,0.057762
4,128,1,117,6.828506,0.05592
4,128,1,118,6.883369,0.054863
4,128,1,119,6.940133,0.056764
4,128,1,120,6.995955,0.055822
4,128,1,121,7.056512,0.060557
4,128,1,122,7.116344,0.059832
4,128,1,123,7.173879,0.057534
4,128,1,124,7.228039,0.05416
4,128,1,125,7.283049,0.05501
4,128,1,126,7.339908,0.05686
4,128,1,127,7.394342,0.054434
4,128,1,128,7.450474,0.056132
4,128,2,1,0.045806,0.045806
4,128,2,2,0.102955,0.05715
4,128,2,3,0.159918,0.056962
4,128,2,4,0.216077,0.05616
4,128,2,5,0.275542,0.059464
4,128,2,6,0.334997,0.059455
4,128,2,7,0.392098,0.057101
4,128,2,8,0.447461,0.055363
4,128,2,9,0.503071,0.05561
4,128,2,10,0.559202,0.056131
4,128,2,11,0.61518,0.055978
4,128,2,12,0.67412,0.05894
4,128,2,13,0.732992,0.058872
4,128,2,14,0.790049,0.057057
4,128,2,15,0.845631,0.055582
4,128,2,16,0.901614,0.055983
4,128,2,17,0.957783,0.056169
4,128,2,18,1.01247,0.054687
4,128,2,19,1.068522,0.056052
4,128,2,20,1.125521,0.056999
4,128,2,21,1.182595,0.057073
4,128,2,22,1.239001,0.056407
4,128,2,23,1.296407,0.057406
4,128,2,24,1.353515,0.057108
4,128,2,25,1.410285,0.056769
4,128,2,26,1.464521,0.054236
4,128,2,27,1.519859,0.055338
4,128,2,28,1.575047,0.055188
4,128,2,29,1.633709,0.058661
4,128,2,30,1.688325,0.054616
4,128,2,31,1.744647,0.056322
4,128,2,32,1.802992,0.058345
4,128,2,33,1.859659,0.056668
4,128,2,34,1.914691,0.055031
4,128,2,35,1.969589,0.054898
4,128,2,36,2.024886,0.055297
4,128,2,37,2.081121,0.056235
4,128,2,38,2.138498,0.057377
4,128,2,39,2.200735,0.062237
4,128,2,40,2.257188,0.056454
4,128,2,41,2.311958,0.05477
4,128,2,42,2.367468,0.055509
4,128,2,43,2.422566,0.055098
4,128,2,44,2.477231,0.054665
4,128,2,45,2.531953,0.054723
4,128,2,46,2.586604,0.054651
4,128,2,47,2.640991,0.054387
4,128,2,48,2.697182,0.056191
4,128,2,49,2.753862,0.05668
4,128,2,50,2.808871,0.055009
4,128,2,51,2.863518,0.054647
4,128,2,52,2.917829,0.05431
4,128,2,53,2.972156,0.054328
4,128,2,54,3.025164,0.053008
4,128,2,55,3.07928,0.054116
4,128,2,56,3.133481,0.054201
4,128,2,57,3.187656,0.054175
4,128,2,58,3.243734,0.056077
4,128,2,59,3.298662,0.054929
4,128,2,60,3.352822,0.05416
4,128,2,61,3.408491,0.055668
4,128,2,62,3.46325,0.054759
4,128,2,63,3.518404,0.055154
4,128,2,64,3.573432,0.055028
4,128,2,65,3.63229,0.058858
4,128,2,66,3.689375,0.057085
4,128,2,67,3.745958,0.056582
4,128,2,68,3.801099,0.055142
4,128,2,69,3.857822,0.056723
4,128,2,70,3.914424,0.056601
4,128,2,71,3.969507,0.055084
4,128,2,72,4.027022,0.057515
4,128,2,73,4.084515,0.057493
4,128,2,74,4.140946,0.056431
4,128,2,75,4.195749,0.054803
4,128,2,76,4.252579,0.05683
4,128,2,77,4.308587,0.056008
4,128,2,78,4.364831,0.056243
4,128,2,79,4.424378,0.059547
4,128,2,80,4.485463,0.061085
4,128,2,81,4.543577,0.058114
4,128,2,82,4.607373,0.063796
4,128,2,83,4.667668,0.060295
4,128,2,84,4.724572,0.056905
4,128,2,85,4.780403,0.055831
4,128,2,86,4.836968,0.056564
4,128,2,87,4.894178,0.05721
4,128,2,88,4.953333,0.059156
4,128,2,89,5.011306,0.057973
4,128,2,90,5.067582,0.056276
4,128,2,91,5.124777,0.057195
4,128,2,92,5.182509,0.057732
4,128,2,93,5.238496,0.055987
4,128,2,94,5.293595,0.055099
4,128,2,95,5.351896,0.0583
4,128,2,96,5.41022,0.058324
4,128,2,97,5.46747,0.05725
4,128,2,98,5.528145,0.060676
4,128,2,99,5.586451,0.058306
4,128,2,100,5.642937,0.056486
4,128,2,101,5.698592,0.055655
4,128,2,102,5.755411,0.056819
4,128,2,103,5.810526,0.055115
4,128,2,104,5.866734,0.056207
4,128,2,105,5.925633,0.0589
4,128,2,106,5.982573,0.05694
4,128,2,107,6.037375,0.054801
4,128,2,108,6.094357,0.056983
4,128,2,109,6.150776,0.056419
4,128,2,110,6.206106,0.05533
4,128,2,111,6.263058,0.056953
4,128,2,112,6.320267,0.057208
4,128,2,113,6.376019,0.055753
4,128,2,114,6.430612,0.054593
4,128,2,115,6.486854,0.056242
4,128,2,116,6.543863,0.057009
4,128,2,117,6.60072,0.056856
4,128,2,118,6.655928,0.055208
4,128,2,119,6.710413,0.054484
4,128,2,120,6.765152,0.05474
4,128,2,121,6.820007,0.054854
4,128,2,122,6.875106,0.055099
4,128,2,123,6.929508,0.054402
4,128,2,124,6.984902,0.055394
4,128,2,125,7.039506,0.054605
4,128,2,126,7.094105,0.054599
4,128,2,127,7.149685,0.05558
4,128,2,128,7.204351,0.054666
8,32,0,1,0.056765,0.056765
8,32,0,2,0.155449,0.098685
8,32,0,3,0.252922,0.097473
8,32,0,4,0.350897,0.097975
8,32,0,5,0.447664,0.096766
8,32,0,6,0.55833,0.110666
8,32,0,7,0.653935,0.095606
8,32,0,8,0.747515,0.093579
8,32,0,9,0.839031,0.091516
8,32,0,10,0.934653,0.095623
8,32,0,11,1.029947,0.095293
8,32,0,12,1.123535,0.093588
8,32,0,13,1.217149,0.093614
8,32,0,14,1.310318,0.093169
8,32,0,15,1.404208,0.09389
8,32,0,16,1.497112,0.092904
8,32,0,17,1.589546,0.092434
8,32,0,18,1.682408,0.092862
8,32,0,19,1.776515,0.094106
8,32,0,20,1.869072,0.092558
8,32,0,21,1.965046,0.095974
8,32,0,22,2.05847,0.093424
8,32,0,23,2.152435,0.093965
8,32,0,24,2.246948,0.094513
8,32,0,25,2.340595,0.093647
8,32,0,26,2.434144,0.093549
8,32,0,27,2.526682,0.092538
8,32,0,28,2.618859,0.092177
8,32,0,29,2.712064,0.093205
8,32,0,30,2.805219,0.093155
8,32,0,31,2.899342,0.094123
8,32,0,32,2.99609,0.096748
8,32,1,1,0.058429,0.058429
8,32,1,2,0.155473,0.097044
8,32,1,3,0.253959,0.098486
8,32,1,4,0.35003,0.096071
8,32,1,5,0.444504,0.094474
8,32,1,6,0.540434,0.09593
8,32,1,7,0.637459,0.097025
8,32,1,8,0.73409,0.096632
8,32,1,9,0.83163,0.09754
8,32,1,10,0.928634,0.097004
8,32,1,11,1.025895,0.097261
8,32,1,12,1.122122,0.096227
8,32,1,13,1.219469,0.097346
8,32,1,14,1.317202,0.097733
8,32,1,15,1.4162,0.098998
8,32,1,16,1.514236,0.098036
8,32,1,17,1.618781,0.104545
8,32,1,18,1.71859,0.099809
8,32,1,19,1.81369,0.0951
8,32,1,20,1.910783,0.097093
8,32,1,21,2.006795,0.096012
8,32,1,22,2.102151,0.095356
8,32,1,23,2.198099,0.095947
8,32,1,24,2.294849,0.09675
8,32,1,25,2.392715,0.097866
8,32,1,26,2.492321,0.099606
8,32,1,27,2.588792,0.096471
8,32,1,28,2.685647,0.096855
8,32,1,29,2.779339,0.093693
8,32,1,30,2.871865,0.092525
8,32,1,31,2.965399,0.093535
8,32,1,32,3.058668,0.093269
8,32,2,1,0.055947,0.055947
8,32,2,2,0.147866,0.091919
8,32,2,3,0.241057,0.093191
8,32,2,4,0.335816,0.094758
8,32,2,5,0.432702,0.096886
8,32,2,6,0.527002,0.0943
8,32,2,7,0.62011,0.093108
8,32,2,8,0.713138,0.093028
8,32,2,9,0.806219,0.093082
8,32,2,10,0.899533,0.093314
8,32,2,11,0.993744,0.094211
8,32,2,12,1.086441,0.092697
8,32,2,13,1.178918,0.092478
8,32,2,14,1.271866,0.092947
8,32,2,15,1.364746,0.09288
8,32,2,16,1.458866,0.09412
8,32,2,17,1.553747,0.094881
8,32,2,18,1.647291,0.093543
8,32,2,19,1.740702,0.093411
8,32,2,20,1.833569,0.092867
8,32,2,21,1.928418,0.094849
8,32,2,22,2.022652,0.094234
8,32,2,23,2.117297,0.094645
8,32,2,24,2.213631,0.096335
8,32,2,25,2.31041,0.096778
8,32,2,26,2.407572,0.097163
8,32,2,27,2.504743,0.097171
8,32,2,28,2.603749,0.099006
8,32,2,29,2.701164,0.097415
8,32,2,30,2.797869,0.096706
8,32,2,31,2.894689,0.09682
8,32,2,32,2.992775,0.098086
8,128,0,1,0.056983,0.056983
8,128,0,2,0.149425,0.092442
8,128,0,3,0.243136,0.093711
8,128,0,4,0.336665,0.09353
8,128,0,5,0.429925,0.093259
8,128,0,6,0.523713,0.093788
8,128,0,7,0.619104,0.095391
8,128,0,8,0.713491,0.094387
8,128,0,9,0.807694,0.094203
8,128,0,10,0.901151,0.093457
8,128,0,11,0.99418,0.093028
8,128,0,12,1.092833,0.098653
8,128,0,13,1.190421,0.097587
8,128,0,14,1.290272,0.099851
8,128,0,15,1.392828,0.102556
8,128,0,16,1.49344,0.100612
8,128,0,17,1.592111,0.09867
8,128,0,18,1.690031,0.09792
8,128,0,19,1.786339,0.096309
8,128,0,20,1.881956,0.095617
8,128,0,21,1.977519,0.095562
8,128,0,22,2.074799,0.09728
8,128,0,23,2.172335,0.097536
8,128,0,24,2.269825,0.09749
8,128,0,25,2.367256,0.097431
8,128,0,26,2.465592,0.098336
8,128,0,27,2.563472,0.09788
8,128,0,28,2.661497,0.098025
8,128,0,29,2.758179,0.096682
8,128,0,30,2.856758,0.098579
8,128,0,31,2.952063,0.095306
8,128,0,32,3.048813,0.096749
8,128,0,33,3.146796,0.097983
8,128,0,34,3.24133,0.094534
8,128,0,35,3.339109,0.097779
8,128,0,36,3.435977,0.096868
8,128,0,37,3.537483,0.101505
8,128,0,38,3.635214,0.097731
8,128,0,39,3.73386,0.098647
8,128,0,40,3.834568,0.100707
8,128,0,41,3.92917,0.094603
8,128,0,42,4.023178,0.094008
8,128,0,43,4.118447,0.095269
8,128,0,44,4.212554,0.094107
8,128,0,45,4.305889,0.093335
8,128,0,46,4.399412,0.093523
8,128,0,47,4.493479,0.094067
8,128,0,48,4.588873,0.095394
8,128,0,49,4.684556,0.095683
8,128,0,50,4.779945,0.095389
8,128,0,51,4.874806,0.094861
8,128,0,52,4.970074,0.095268
8,128,0,53,5.065589,0.095515
8,128,0,54,5.16049,0.094901
8,128,0,55,5.255039,0.094549
8,128,0,56,5.349944,0.094905
8,128,0,57,5.444899,0.094955
8,128,0,58,5.538926,0.094027
8,128,0,59,5.633841,0.094915
8,128,0,60,5.729362,0.095521
8,128,0,61,5.82692,0.097558
8,128,0,62,5.923997,0.097077
8,128,0,63,6.01923,0.095233
8,128,0,64,6.116484,0.097255
8,128,0,65,6.213039,0.096555
8,128,0,66,6.309364,0.096324
8,128,0,67,6.406862,0.097499
8,128,0,68,6.504734,0.097872
8,128,0,69,6.603749,0.099014
8,128,0,70,6.700648,0.096899
8,128,0,71,6.796907,0.096259
8,128,0,72,6.891698,0.094791
8,128,0,73,6.988801,0.097103
8,128,0,74,7.086028,0.097227
8,128,0,75,7.18287,0.096843
8,128,0,76,7.279922,0.097052
8,128,0,77,7.378318,0.098396
8,128,0,78,7.476107,0.097789
8,128,0,79,7.574237,0.09813
8,128,0,80,7.674391,0.100153
8,128,0,81,7.774024,0.099633
8,128,0,82,7.873044,0.09902
8,128,0,83,7.969542,0.096499
8,128,0,84,8.064941,0.095399
8,128,0,85,8.161068,0.096126
8,128,0,86,8.258618,0.09755
8,128,0,87,8.356011,0.097393
8,128,0,88,8.454468,0.098457
8,128,0,89,8.551239,0.096772
8,128,0,90,8.648435,0.097195
8,128,0,91,8.745417,0.096982
8,128,0,92,8.843685,0.098269
8,128,0,93,8.938046,0.094361
8,128,0,94,9.032482,0.094435
8,128,0,95,9.126074,0.093592
8,128,0,96,9.219482,0.093408
8,128,0,97,9.313733,0.094251
8,128,0,98,9.409895,0.096162
8,128,0,99,9.504779,0.094884
8,128,0,100,9.597797,0.093019
8,128,0,101,9.690823,0.093025
8,128,0,102,9.784153,0.093331
8,128,0,103,9.878603,0.09445
8,128,0,104,9.973234,0.094631
8,128,0,105,10.068522,0.095287
8,128,0,106,10.162443,0.093921
8,128,0,107,10.254978,0.092535
8,128,0,108,10.349058,0.094081
8,128,0,109,10.442842,0.093784
8,128,0,110,10.540273,0.097431
8,128,0,111,10.633294,0.093021
8,128,0,112,10.726482,0.093188
8,128,0,113,10.819391,0.09291
8,128,0,114,10.912025,0.092634
8,128,0,115,11.005246,0.093221
8,128,0,116,11.10237,0.097124
8,128,0,117,11.197891,0.095522
8,128,0,118,11.292184,0.094292
8,128,0,119,11.389443,0.097259
8,128,0,120,11.488432,0.098989
8,128,0,121,11.585771,0.097339
8,128,0,122,11.68206,0.096289
8,128,0,123,11.778451,0.096391
8,128,0,124,11.874735,0.096284
8,128,0,125,11.971997,0.097263
8,128,0,126,12.069332,0.097335
8,128,0,127,12.166442,0.09711
8,128,0,128,12.263012,0.09657
8,128,1,1,0.056047,0.056047
8,128,1,2,0.150053,0.094006
8,128,1,3,0.24486,0.094806
8,128,1,4,0.338294,0.093435
8,128,1,5,0.430991,0.092697
8,128,1,6,0.525215,0.094224
8,128,1,7,0.623812,0.098596
8,128,1,8,0.722842,0.09903
8,128,1,9,0.82006,0.097218
8,128,1,10,0.91378,0.09372
8,128,1,11,1.009196,0.095416
8,128,1,12,1.102301,0.093105
8,128,1,13,1.194186,0.091885
8,128,1,14,1.287752,0.093566
8,128,1,15,1.382402,0.09465
8,128,1,16,1.475882,0.09348
8,128,1,17,1.571115,0.095233
8,128,1,18,1.666486,0.095371
8,128,1,19,1.763666,0.09718
8,128,1,20,1.860983,0.097317
8,128,1,21,1.959226,0.098243
8,128,1,22,2.055747,0.096521
8,128,1,23,2.154579,0.098832
8,128,1,24,2.252776,0.098197
8,128,1,25,2.347105,0.094328
8,128,1,26,2.444719,0.097614
8,128,1,27,2.541978,0.097259
8,128,1,28,2.644305,0.102327
8,128,1,29,2.741508,0.097203
8,128,1,30,2.836173,0.094664
8,128,1,31,2.93062,0.094448
8,128,1,32,3.029272,0.098651
8,128,1,33,3.128042,0.09877
8,128,1,34,3.231913,0.103872
8,128,1,35,3.341161,0.109248
8,128,1,36,3.448434,0.107273
8,128,1,37,3.552812,0.104378
8,128,1,38,3.649712,0.0969
8,128,1,39,3.744867,0.095155
8,128,1,40,3.845308,0.100441
8,128,1,41,3.943702,0.098394
8,128,1,42,4.048462,0.10476
8,128,1,43,4.147013,0.098551
8,128,1,44,4.24828,0.101267
8,128,1,45,4.347212,0.098932
8,128,1,46,4.44865,0.101438
8,128,1,47,4.551522,0.102872
8,128,1,48,4.646327,0.094805
8,128,1,49,4.749413,0.103086
8,128,1,50,4.859574,0.110161
8,128,1,51,4.957348,0.097774
8,128,1,52,5.057134,0.099786
8,128,1,53,5.157946,0.100812
8,128,1,54,5.257786,0.099839
8,128,1,55,5.359842,0.102056
8,128,1,56,5.462413,0.102571
8,128,1,57,5.559522,0.097109
8,128,1,58,5.657339,0.097816
8,128,1,59,5.75661,0.099272
8,128,1,60,5.855788,0.099177
8,128,1,61,5.957731,0.101943
8,128,1,62,6.05397,0.096239
8,128,1,63,6.152513,0.098543
8,128,1,64,6.251836,0.099324
8,128,1,65,6.350305,0.098468
8,128,1,66,6.447865,0.097561
8,128,1,67,6.547492,0.099627
8,128,1,68,6.646931,0.099439
8,128,1,69,6.746762,0.099831
8,128,1,70,6.845254,0.098492
8,128,1,71,6.942655,0.097402
8,128,1,72,7.043998,0.101343
8,128,1,73,7.152842,0.108844
8,128,1,74,7.250725,0.097883
8,128,1,75,7.346777,0.096052
8,128,1,76,7.451938,0.105161
8,128,1,77,7.559371,0.107433
8,128,1,78,7.659965,0.100594
8,128,1,79,7.781838,0.121873
8,128,1,80,7.87849,0.096652
8,128,1,81,7.987198,0.108708
8,128,1,82,8.100447,0.113249
8,128,1,83,8.202397,0.101949
8,128,1,84,8.312113,0.109716
8,128,1,85,8.410043,0.09793
8,128,1,86,8.510689,0.100646
8,128,1,87,8.611389,0.1007
8,128,1,88,8.714588,0.103198
8,128,1,89,8.813143,0.098556
8,128,1,90,8.911486,0.098343
8,128,1,91,9.00986,0.098374
8,128,1,92,9.110141,0.100281
8,128,1,93,9.208941,0.0988
8,128,1,94,9.317758,0.108817
8,128,1,95,9.413251,0.095493
8,128,1,96,9.51263,0.099378
8,128,1,97,9.609869,0.097239
8,128,1,98,9.705605,0.095736
8,128,1,99,9.799376,0.093771
8,128,1,100,9.892816,0.09344
8,128,1,101,9.987259,0.094443
8,128,1,102,10.080589,0.09333
8,128,1,103,10.18343,0.102842
8,128,1,104,10.293646,0.110215
8,128,1,105,10.402867,0.109222
8,128,1,106,10.506772,0.103905
8,128,1,107,10.607907,0.101134
8,128,1,108,10.707146,0.099239
8,128,1,109,10.808917,0.101772
8,128,1,110,10.907569,0.098652
8,128,1,111,11.005813,0.098244
8,128,1,112,11.104766,0.098953
8,128,1,113,11.203455,0.098689
8,128,1,114,11.305757,0.102302
8,128,1,115,11.408878,0.10312
8,128,1,116,11.509789,0.100911
8,128,1,117,11.613771,0.103982
8,128,1,118,11.722249,0.108479
8,128,1,119,11.817647,0.095398
8,128,1,120,11.91681,0.099163
8,128,1,121,12.018962,0.102152
8,128,1,122,12.116521,0.097559
8,128,1,123,12.218308,0.101787
8,128,1,124,12.316601,0.098292
8,128,1,125,12.416319,0.099718
8,128,1,126,12.517733,0.101415
8,128,1,127,12.625301,0.107568
8,128,1,128,12.723246,0.097945
8,128,2,1,0.065046,0.065046
8,128,2,2,0.164146,0.0991
8,128,2,3,0.261258,0.097112
8,128,2,4,0.356674,0.095416
8,128,2,5,0.454467,0.097793
8,128,2,6,0.55211,0.097643
8,128,2,7,0.648009,0.095899
8,128,2,8,0.744803,0.096794
8,128,2,9,0.846702,0.101898
8,128,2,10,0.956713,0.110011
8,128,2,11,1.058322,0.10161
8,128,2,12,1.161962,0.10364
8,128,2,13,1.262347,0.100385
8,128,2,14,1.363408,0.101061
8,128,2,15,1.474911,0.111503
8,128,2,16,1.579478,0.104567
8,128,2,17,1.680332,0.100854
8,128,2,18,1.779399,0.099067
8,128,2,19,1.879904,0.100505
8,128,2,20,1.979993,0.100089
8,128,2,21,2.078648,0.098654
8,128,2,22,2.180879,0.102231
8,128,2,23,2.280873,0.099994
8,128,2,24,2.390838,0.109965
8,128,2,25,2.492995,0.102157
8,128,2,26,2.596811,0.103816
8,128,2,27,2.696571,0.09976
8,128,2,28,2.796112,0.099541
8,128,2,29,2.903512,0.1074
8,128,2,30,3.003514,0.100002
8,128,2,31,3.103184,0.09967
8,128,2,32,3.201432,0.098248
8,128,2,33,3.298158,0.096725
8,128,2,34,3.394482,0.096325
8,128,2,35,3.491353,0.096871
8,128,2,36,3.591176,0.099823
8,128,2,37,3.687749,0.096573
8,128,2,38,3.78459,0.096841
8,128,2,39,3.882429,0.097838
8,128,2,40,3.978274,0.095846
8,128,2,41,4.07628,0.098006
8,128,2,42,4.173933,0.097652
8,128,2,43,4.267849,0.093917
8,128,2,44,4.361765,0.093916
8,128,2,45,4.457203,0.095438
8,128,2,46,4.554979,0.097776
8,128,2,47,4.660365,0.105387
8,128,2,48,4.758959,0.098594
8,128,2,49,4.854321,0.095362
8,128,2,50,4.95692,0.102598
8,128,2,51,5.053223,0.096303
8,128,2,52,5.160991,0.107768
8,128,2,53,5.263691,0.102699
8,128,2,54,5.372499,0.108809
8,128,2,55,5.470099,0.0976
8,128,2,56,5.565679,0.09558
8,128,2,57,5.662901,0.097222
8,128,2,58,5.760695,0.097794
8,128,2,59,5.856954,0.096259
8,128,2,60,5.952701,0.095747
8,128,2,61,6.047977,0.095276
8,128,2,62,6.152556,0.104579
8,128,2,63,6.257095,0.104539
8,128,2,64,6.360015,0.102919
8,128,2,65,6.475625,0.11561
8,128,2,66,6.577719,0.102094
8,128,2,67,6.678697,0.100977
8,128,2,68,6.781898,0.103201
8,128,2,69,6.881328,0.099429
8,128,2,70,6.979934,0.098607
8,128,2,71,7.082801,0.102866
8,128,2,72,7.186085,0.103284
8,128,2,73,7.28606,0.099975
8,128,2,74,7.386932,0.100872
8,128,2,75,7.489507,0.102575
8,128,2,76,7.592049,0.102542
8,128,2,77,7.704343,0.112294
8,128,2,78,7.823407,0.119063
8,128,2,79,7.93492,0.111514
8,128,2,80,8.045562,0.110642
8,128,2,81,8.14663,0.101068
8,128,2,82,8.26209,0.11546
8,128,2,83,8.483816,0.221726
8,128,2,84,8.585142,0.101326
8,128,2,85,8.687372,0.10223
8,128,2,86,8.787156,0.099784
8,128,2,87,8.892054,0.104898
8,128,2,88,8.993847,0.101793
8,128,2,89,9.096411,0.102564
8,128,2,90,9.204984,0.108574
8,128,2,91,9.315032,0.110048
8,128,2,92,9.427763,0.112731
8,128,2,93,9.544712,0.116949
8,128,2,94,9.655172,0.11046
8,128,2,95,9.760679,0.105507
8,128,2,96,9.866104,0.105424
8,128,2,97,9.962799,0.096696
8,128,2,98,10.06089,0.098091
8,128,2,99,10.157077,0.096187
8,128,2,100,10.2544,0.097323
8,128,2,101,10.354192,0.099792
8,128,2,102,10.45121,0.097018
8,128,2,103,10.548072,0.096861
8,128,2,104,10.647507,0.099436
8,128,2,105,10.747606,0.100098
8,128,2,106,10.851693,0.104087
8,128,2,107,10.953944,0.102252
8,128,2,108,11.072907,0.118963
8,128,2,109,11.173284,0.100376
8,128,2,110,11.276622,0.103338
8,128,2,111,11.376683,0.100061
8,128,2,112,11.479663,0.10298
8,128,2,113,11.587177,0.107514
8,128,2,114,11.690564,0.103388
8,128,2,115,11.788878,0.098313
8,128,2,116,11.88917,0.100292
8,128,2,117,11.989283,0.100113
8,128,2,118,12.087276,0.097992
8,128,2,119,12.185849,0.098573
8,128,2,120,12.289243,0.103394
8,128,2,121,12.388403,0.09916
8,128,2,122,12.489379,0.100977
8,128,2,123,12.589375,0.099995
8,128,2,124,12.687355,0.09798
8,128,2,125,12.787189,0.099834
8,128,2,126,12.886139,0.098951
8,128,2,127,12.984161,0.098022
8,128,2,128,13.080788,0.096627
